<?xml version="1.0"?>
<?xml-stylesheet type="text/xsl" href="tandem-input-style.xsl"?>
<bioml>
<note>list path parameters</note>
	<note type="input" label="list path, default parameters">default_input.xml</note>
		<note>This value is ignored when it is present in the default parameter
		list path.</note>
	<note type="input" label="list path, taxonomy information">taxonomy.xml</note>

<note>spectrum parameters</note>
	<note type="input" label="spectrum, fragment monoisotopic mass error">0.4</note>
	<note type="input" label="spectrum, parent monoisotopic mass error plus">4.0</note>
	<note type="input" label="spectrum, parent monoisotopic mass error minus">1.0</note>
	<note type="input" label="spectrum, fragment monoisotopic mass error units">Daltons</note>
		<note>The value for this parameter may be 'Daltons' or 'ppm': all other values are ignored</note>
	<note type="input" label="spectrum, parent monoisotopic mass isotope error">no</note>
		<note>values = yes|no, set to yes to anticipate carbon isotope parent ion assignment error;
		useful when using narrow mass tolerances (like +/- 25 ppm) to instruct XTandem to consider
		parent ion masses -.5 and -1 m/z away from the reported parent ion</note>
	<note type="input" label="spectrum, parent monoisotopic mass error units">Daltons</note>
		<note>The value for this parameter may be 'Daltons' or 'ppm': all other values are ignored</note>
	<note type="input" label="spectrum, fragment mass type">monoisotopic</note>
		<note>values = monoisotopic|average; default is monoisotopic</note>

<note>spectrum conditioning parameters</note>
	<note type="input" label="spectrum, dynamic range">100.0</note>
		<note>The peaks read in are normalized so that the most intense peak
		is set to the dynamic range value. All peaks with values of less that
		1, using this normalization, are not used. This normalization has the
		overall effect of setting a threshold value for peak intensities.</note>
	<note type="input" label="spectrum, total peaks">50</note> 
		<note>If this value is 0, it is ignored. If it is greater than zero (lets say 50),
		then the number of peaks in the spectrum with be limited to the 50 most intense
		peaks in the spectrum. X! tandem does not do any peak finding: it only
		limits the peaks used by this parameter, and the dynamic range parameter.</note>
	<note type="input" label="spectrum, maximum parent charge">6</note>
	<note type="input" label="spectrum, use noise suppression">no</note>
		<note>values = yes|no, set to yes to exclude poor quality spectra (e.g. spectra that 
		don't have enough peaks spaced apart by typical amino acid masses)</note>
	<note type="input" label="spectrum, minimum parent m+h">500.0</note>
	<note type="input" label="spectrum, minimum fragment mz">150.0</note>
	<note type="input" label="spectrum, minimum peaks">15</note> 
	<note type="input" label="spectrum, threads">7</note>
	<note type="input" label="spectrum, sequence batch size">100</note>
		<note>An integer, greater than 0, which sets the number of sequences analyzed per log tic (default = 1000)</note>
	
<note>residue modification parameters</note>
	<note type="input" label="residue, modification mass"></note>
		<note>The format of this parameter is m@X, where m is the modfication
		mass in Daltons and X is the appropriate residue to modify. Lists of
		modifications are separated by commas. For example, to modify M and C
		with the addition of 16.0 Daltons, the parameter line would be
		+16.0@M,+16.0@C
		Positive and negative values are allowed.
		</note>
	<note type="input" label="residue, modification mass 1"></note>
		<note>Optional second set of static modification masses.</note>
	
	<note type="input" label="residue, potential modification mass"></note>
		<note>Potential (dynamic) modification to consider during the first round search.
		The format of this parameter is the same as the format
		for residue, modification mass (see above).</note>
		
	<note type="input" label="residue, potential modification motif"></note>
		<note>The format of this parameter is similar to residue, modification mass,
		with the addition of a modified PROSITE notation sequence motif specification.
		For example, a value of 80@[ST!]PX[KR] indicates a modification
		of either S or T when followed by P, and residue and the a K or an R.
		A value of 204@N!{P}[ST]{P} indicates a modification of N by 204, if it
		is NOT followed by a P, then either an S or a T, NOT followed by a P.
		Positive and negative values are allowed.
		</note>
	
<note>protein parameters</note>
	<note type="input" label="protein, taxon">other mammals</note>
		<note>This value is interpreted using the information in taxonomy.xml.</note>
	<note type="input" label="protein, cleavage site">[RK]|{P}</note>
		<note>this setting corresponds to the enzyme trypsin. The first characters
		in brackets represent residues N-terminal to the bond - the '|' pipe -
		and the second set of characters represent residues C-terminal to the
		bond. The characters must be in square brackets (denoting that only
		these residues are allowed for a cleavage) or french brackets (denoting
		that these residues cannot be in that position). Use UPPERCASE characters.
		To denote cleavage at any residue, use [X]|[X] and reset the 
		scoring, maximum missed cleavage site parameter (see below) to something like 50.
		</note>
	<note type="input" label="protein, modified residue mass file"></note>
	<note type="input" label="protein, cleavage C-terminal mass change">+17.002735</note>
	<note type="input" label="protein, cleavage N-terminal mass change">+1.007825</note>
	<note type="input" label="protein, N-terminal residue modification mass">0.0</note>
	<note type="input" label="protein, C-terminal residue modification mass">0.0</note>
	<note type="input" label="protein, homolog management">no</note>
		<note>if yes, an upper limit is set on the number of homologues kept for a particular spectrum</note>

	<note type="input" label="protein, quick acetyl">yes</note>
		<note>if yes, then common modifications are checked for at the protein's N-terminus; 
		      in particular, looks for acetylation, +42 Da</note>

	<note type="input" label="protein, quick pyrolidone">yes</note>
		<note>if yes, then looks for loss of ammonia (-17) from N-terminal Q residues,
		      and loss of water (-18) from N-terminal E residues</note>


<note>model refinement parameters</note>
	<note type="input" label="refine">yes</note>
	<note type="input" label="refine, modification mass"></note>
		<note>Complete (static) modification(s) to apply during refinement.  If blank, then the
		modifications defined by 'residue, modification mass' will be used during refinement.
		If non-blank, then replaces modifications defined by 'residue, modification mass'.
		Set to 'none' to disable complete modifications during refinement.</note>
	<note type="input" label="refine, sequence path"></note>
		<note>When this attribute is defined, protein sequences are read from a BIOML format file 
		and those sequences are included with the list of proteins to be used for a refinement. 
		Proteins that are already in a refinement list prior to reading this file are excluded, 
		using the protein uid number to identify copies of the same sequence. X! Tandem output report 
		files may be used as a source of sequences, as well as the output generated by the 
		'output, sequence path' directive.</note>
	<note type="input" label="refine, tic percent">1</note>
		<note>A float, greater than 0, which sets the percent of the refinement job between log tics (default = 20)</note>
	<note type="input" label="refine, spectrum synthesis">yes</note>
	<note type="input" label="refine, maximum valid expectation value">0.5</note>
	<note type="input" label="refine, potential N-terminus modifications"></note>
	<note type="input" label="refine, potential C-terminus modifications"></note>
	
	<note type="input" label="refine, unanticipated cleavage">yes</note>
		<note>If yes, then look for partially tryptic peptides during refinement</note>

	<note type="input" label="refine, full unanticipated cleavage">no</note>
		<note>If yes, then look for partially and non-tryptic peptides during refinement</note>

	<note type="input" label="refine, potential modification mass"></note>
		<note>Potential (dynamic) modification to consider during refinement.</note>
	<note type="input" label="refine, potential modification mass 1"></note>
		<note>Optional second set of potential modification masses.</note>

	<note type="input" label="refine, point mutations">no</note>
	<note type="input" label="refine, use potential modifications for full refinement">no</note>
	<note type="input" label="refine, potential modification motif"></note>
		<note>The format of this parameter is similar to residue, modification mass,
		with the addition of a modified PROSITE notation sequence motif specification.
		For example, a value of 80@[ST!]PX[KR] indicates a modification
		of either S or T when followed by P, and residue and the a K or an R.
		A value of 204@N!{P}[ST]{P} indicates a modification of N by 204, if it
		is NOT followed by a P, then either an S or a T, NOT followed by a P.
		Positive and negative values are allowed.
		</note>
	<note type="input" label="refine, potential modification motif 1"></note>

<note>scoring parameters</note>
	<note type="input" label="scoring, minimum ion count">4</note>
	<note type="input" label="scoring, maximum missed cleavage sites">3</note>
	<note type="input" label="scoring, x ions">no</note>
	<note type="input" label="scoring, y ions">yes</note>
	<note type="input" label="scoring, z ions">no</note>
	<note type="input" label="scoring, a ions">no</note>
	<note type="input" label="scoring, b ions">yes</note>
	<note type="input" label="scoring, c ions">no</note>
	<note type="input" label="scoring, cyclic permutation">no</note>
		<note>if yes, cyclic peptide sequence permutation is used to pad the scoring histograms</note>
	<note type="input" label="scoring, include reverse">no</note>
		<note>values = yes|no, set to yes to cause reverse protein sequences to be searched 
		in addition to forward sequences.  Matches to a reversed protein will have the original 
		protein name plus the text :reversed</note>

<note>output parameters</note>
	<note type="input" label="output, log path">XTandem_Processing_Log.txt</note>
		<note>When this attribute is defined, an ASCII log file is generated as X! Tandem runs. A tic (period) is written 
		to the file for every 1000 protein sequences analyzed as well as when every 20 pct of each refinement run is complete.
		Use 'spectrum, sequence batch size' and 'refine, tic percent' to customize these intervals.</note>
	<note type="input" label="output, message"></note>
		<note>This is the message displayed in the console while X!Tandem is running; leave blank to see
		the default message of Spectrum-to-sequence matching process in progress</note>
	<note type="input" label="output, sequence path"></note>
		<note>When this attribute is defined, the protein sequences used during the refinement round are output to the 
		named file in the same BIOML format used for X! Tandem output.  This file is created even if no refinement is used;
		it is created just prior to the execution of the refinement steps.  See 'refine, sequence path' for more info.</note>
	<note type="input" label="output, path">output.xml</note>
	<note type="input" label="output, sort results by">protein</note>
		<note>values = protein|spectrum (spectrum is the default)</note>
	<note type="input" label="output, path hashing">yes</note>
		<note>values = yes|no</note>
	<note type="input" label="output, xsl path">tandem-style.xsl</note>
	<note type="input" label="output, parameters">yes</note>
		<note>values = yes|no</note>
	<note type="input" label="output, performance">yes</note>
		<note>values = yes|no</note>
	<note type="input" label="output, spectra">yes</note>
		<note>values = yes|no</note>
	<note type="input" label="output, histograms">yes</note>
		<note>values = yes|no</note>
	<note type="input" label="output, proteins">yes</note>
		<note>values = yes|no</note>
	<note type="input" label="output, sequences">yes</note>
		<note>values = yes|no</note>
	<note type="input" label="output, one sequence copy">yes</note>
		<note>values = yes|no, set to yes to produce only one copy of each protein sequence in the output xml</note>
	<note type="input" label="output, results">valid</note>
		<note>values = all|valid|stochastic</note>
	<note type="input" label="output, maximum valid expectation value">0.5</note>
		<note>value is used in the valid|stochastic setting of output, results</note>
	<note type="input" label="output, histogram column width">30</note>
		<note>values any integer greater than 0. Setting this to '1' makes cutting and pasting histograms
		into spread sheet programs easier.</note>

<note type="description">ADDITIONAL EXPLANATIONS</note>
	<note type="description">Each one of the parameters for X! tandem is entered as a labeled note
			node. In the current version of X!, keep those note nodes
			on a single line.
	</note>
	<note type="description">The presence of the type 'input' is necessary if a note is to be considered
			an input parameter.
	</note>
	<note type="description">Any of the parameters that are paths to files may require alteration for a 
			particular installation. Full path names usually cause the least trouble,
			but there is no reason not to use relative path names, if that is the
			most convenient.
	</note>
	<note type="description">Any parameter values set in the 'list path, default parameters' file are
			reset by entries in the normal input file, if they are present. Otherwise,
			the default set is used.
	</note>
	<note type="description">The 'list path, taxonomy information' file must exist.
		</note>
	<note type="description">The directory containing the 'output, path' file must exist: it will not be created.
		</note>
	<note type="description">The 'output, xsl path' is optional: it is only of use if a good XSLT style sheet exists.
		</note>

</bioml>
